model,micro_f1,macro_f1,hamming_loss,subset_accuracy
EmoPath_Lexicon,0.248587571,0.158873239,0.443333333,0.1
BERT,0.552763819,0.362220649,0.296666667,0.233333333
RoBERTa,0.555555556,0.435288153,0.32,0.216666667
GPT4_few,0.625429553,0.582415182,0.363333333,0.1
GPT4_zero,0.624584718,0.59039456,0.376666667,0.066666667
